game,turn,on_turn_player,nested_pick,flat_pick,flat_wpct,flat_wpct_for_nested_pick,cgp
0,0,0,8C TERRETS,8D TERRETS,0.688108,0.683039,15/15/15/15/15/15/15/15/15/15/15/15/15/15/15 EERRSTT/EEGOSVX 0/0 0
0,1,1,9F EXO,F7 G(R)EX,0.295532,0.287493,15/15/15/15/15/15/15/2TERRETS6/15/15/15/15/15/15/15 EEGOSVX/ADMNOTU 0/66 0
0,2,0,D2 OUTNAM(E)D,D2 AMOUNT(E)D,0.794890,0.764255,15/15/15/15/15/15/15/2TERRETS6/5EXO7/15/15/15/15/15/15 ADMNOTU/ACEGLSV 66/39 0
0,3,1,10H GAVEL,F6 VA(RE)C,0.172831,0.156136,15/3O11/3U11/3T11/3N11/3A11/3M11/2TERRETS6/3D1EXO7/15/15/15/15/15/15 ACEGLSV/EIJLNTZ 39/138 0
0,4,0,L8 JI(L)LET,L8 JI(L)LET,0.885807,0.885807,15/3O11/3U11/3T11/3N11/3A11/3M11/2TERRETS6/3D1EXO7/7GAVEL3/15/15/15/15/15 EIJLNTZ/AACEPPS 138/60 0
0,5,1,8L (J)AAP,8L (J)AAP,0.150478,0.150478,15/3O11/3U11/3T11/3N11/3A11/3M11/2TERRETS2J3/3D1EXO3I3/7GAVEL3/11L3/11E3/11T3/15/15 AACEPPS/GNORTYZ 60/180 0
0,6,0,2B TR(O)OZ,2B TR(O)OZ,0.934031,0.934031,15/3O11/3U11/3T11/3N11/3A11/3M11/2TERRETS2JAAP/3D1EXO3I3/7GAVEL3/11L3/11E3/11T3/15/15 GNORTYZ/CEHLPQS 180/99 0
0,7,1,13I SPE(T)CH,(exch PQ),0.041170,0.027366,15/1TROOZ9/3U11/3T11/3N11/3A11/3M11/2TERRETS2JAAP/3D1EXO3I3/7GAVEL3/11L3/11E3/11T3/15/15 CEHLPQS/AGINNOY 99/248 0
0,8,0,5C A(N)NOYING,5B AN(N)OYING,0.989815,0.989725,15/1TROOZ9/3U11/3T11/3N11/3A11/3M11/2TERRETS2JAAP/3D1EXO3I3/7GAVEL3/11L3/11E3/8SPETCH1/15/15 AGINNOY/CEILQSU 248/127 0
0,9,1,11C CLIQUES,11C CLIQUES,0.037070,0.037070,15/1TROOZ9/3U11/3T11/2ANNOYING5/3A11/3M11/2TERRETS2JAAP/3D1EXO3I3/7GAVEL3/11L3/11E3/8SPETCH1/15/15 CEILQSU/EEHINRY 127/322 0
1,0,0,8E FIQH,8G FIQH,0.609898,0.607361,15/15/15/15/15/15/15/15/15/15/15/15/15/15/15 DEFHINQ/CEIIIVW 0/0 0
1,1,1,9H IWI,9H IWI,0.316977,0.316977,15/15/15/15/15/15/15/4FIQH7/15/15/15/15/15/15/15 CEIIIVW/DEINORZ 0/38 0
1,2,0,J5 IRON(I)ZED,J5 IRON(I)ZED,0.823835,0.823835,15/15/15/15/15/15/15/4FIQH7/7IWI5/15/15/15/15/15/15 DEINORZ/ACEEIPV 38/15 0
1,3,1,10H CE(Z)VE,10H CE(Z)VE,0.122862,0.122862,15/15/15/15/9I5/9R5/9O5/4FIQH1N5/7IWI5/9Z5/9E5/9D5/15/15/15 ACEEIPV/ADEEEIT 15/128 0
1,4,0,K3 EIDE,12I I(D)EATE,0.821635,0.811356,15/15/15/15/9I5/9R5/9O5/4FIQH1N5/7IWI5/7CEZVE3/9E5/9D5/15/15/15 ADEEEIT/ACEIJPY 128/47 0
1,5,1,9C JAY,9C JAY,0.165804,0.165804,15/15/10E4/10I4/9ID4/9RE4/9O5/4FIQH1N5/7IWI5/7CEZVE3/9E5/9D5/15/15/15 ACEIJPY/AENTTVW 47/146 0
1,6,0,L1 VAWTE,L1 VAWTE,0.843686,0.843686,15/15/10E4/10I4/9ID4/9RE4/9O5/4FIQH1N5/2JAY2IWI5/7CEZVE3/9E5/9D5/15/15/15 AENTTVW/CEIIPSS 146/76 0
1,7,1,4I IS(IT),M7 PICS,0.156746,0.150438,11V3/11A3/10EW3/10IT3/9IDE3/9RE4/9O5/4FIQH1N5/2JAY2IWI5/7CEZVE3/9E5/9D5/15/15/15 CEIIPSS/ABENNTT 76/189 0
1,8,0,E4 TABE(FY),I1 TAB(I)NET,0.867713,0.845806,11V3/11A3/10EW3/8ISIT3/9IDE3/9RE4/9O5/4FIQH1N5/2JAY2IWI5/7CEZVE3/9E5/9D5/15/15/15 ABENNTT/BCEIPRS 189/99 0
1,9,1,M6 CREPS,11I B(E),0.149672,0.091291,11V3/11A3/10EW3/4T3ISIT3/4A4IDE3/4B4RE4/4E4O5/4FIQH1N5/2JAY2IWI5/7CEZVE3/9E5/9D5/15/15/15 BCEIPRS/EFNNOST 99/217 0
1,10,0,8L F(E)NT,8L F(E)NT,0.922599,0.922599,11V3/11A3/10EW3/4T3ISIT3/4A4IDE3/4B4RE1C2/4E4O2R2/4FIQH1N2E2/2JAY2IWI2P2/7CEZVES2/9E5/9D5/15/15/15 EFNNOST/BDIIMTT 217/132 0
1,11,1,12H TI(D)BIT,D1 TIMID,0.061609,0.055160,11V3/11A3/10EW3/4T3ISIT3/4A4IDE3/4B4RE1C2/4E4O2R2/4FIQH1N1FENT/2JAY2IWI2P2/7CEZVES2/9E5/9D5/15/15/15 BDIIMTT/DEGNNOS 132/250 0
1,12,0,F3 NOG,10B NOG,0.944723,0.925469,11V3/11A3/10EW3/4T3ISIT3/4A4IDE3/4B4RE1C2/4E4O2R2/4FIQH1N1FENT/2JAY2IWI2P2/7CEZVES2/9E5/7TIDBIT2/15/15/15 DEGNNOS/ADELLMO 250/152 0
2,0,0,8H UVAE,8F UVAE,0.460745,0.454688,15/15/15/15/15/15/15/15/15/15/15/15/15/15/15 AEEIOUV/ADEFOU? 0/0 0
2,1,1,I6 FA(V)OUrED,I6 FA(V)OUrED,0.602237,0.602237,15/15/15/15/15/15/15/7UVAE4/15/15/15/15/15/15/15 ADEFOU?/EINNOTY 0/14 0
2,2,0,H12 YONI,H12 YONI,0.386103,0.386103,15/15/15/15/15/8F6/8A6/7UVAE4/8O6/8U6/8r6/8E6/8D6/15/15 EINNOTY/ADLOORW 14/68 0
2,3,1,G9 WOOLD,G9 WOOLD,0.576609,0.576609,15/15/15/15/15/8F6/8A6/7UVAE4/8O6/8U6/8r6/7YE6/7OD6/7N7/7I7 ADLOORW/EINNTTV 68/59 0
2,4,0,F6 INVENT,F6 INVENT,0.349741,0.349741,15/15/15/15/15/8F6/8A6/7UVAE4/6W1O6/6O1U6/6O1r6/6LYE6/6DOD6/7N7/7I7 EINNTTV/AGGHKOR 59/96 0
2,5,1,K4 HOGG(E)R,K4 HOGG(E)R,0.575175,0.575175,15/15/15/15/15/5I2F6/5N2A6/5V1UVAE4/5EW1O6/5NO1U6/5TO1r6/6LYE6/6DOD6/7N7/7I7 AGGHKOR/EFGIRTU 96/83 0
2,6,0,L3 GIF,L3 GIF,0.398380,0.398380,15/15/15/10H4/10O4/5I2F1G4/5N2A1G4/5V1UVAE4/5EW1O1R4/5NO1U6/5TO1r6/6LYE6/6DOD6/7N7/7I7 EFGIRTU/AAACKOX 83/118 0
2,7,1,J4 KOA,J4 KOA,0.621109,0.621109,15/15/11G3/10HI3/10OF3/5I2F1G4/5N2A1G4/5V1UVAE4/5EW1O1R4/5NO1U6/5TO1r6/6LYE6/6DOD6/7N7/7I7 AAACKOX/EPRRRTU 118/112 0
2,8,0,E3 RURP,E3 RURP,0.313870,0.313870,15/15/11G3/9KHI3/9OOF3/5I2FAG4/5N2A1G4/5V1UVAE4/5EW1O1R4/5NO1U6/5TO1r6/6LYE6/6DOD6/7N7/7I7 EPRRRTU/AABCNTX 112/152 0
2,9,1,D2 TAXA,D2 TAX,0.710832,0.704667,15/15/4R6G3/4U4KHI3/4R4OOF3/4PI2FAG4/5N2A1G4/5V1UVAE4/5EW1O1R4/5NO1U6/5TO1r6/6LYE6/6DOD6/7N7/7I7 AABCNTX/EHPRSTT 152/128 0
2,10,0,3C H(AR)T,3C H(AR)T,0.261771,0.261771,15/3T11/3AR6G3/3XU4KHI3/3AR4OOF3/4PI2FAG4/5N2A1G4/5V1UVAE4/5EW1O1R4/5NO1U6/5TO1r6/6LYE6/6DOD6/7N7/7I7 EHPRSTT/BCEINTT 128/196 0
2,11,1,B1 TIC,B1 TIC,0.777712,0.777712,15/3T11/2HART5G3/3XU4KHI3/3AR4OOF3/4PI2FAG4/5N2A1G4/5V1UVAE4/5EW1O1R4/5NO1U6/5TO1r6/6LYE6/6DOD6/7N7/7I7 BCEINTT/ADEPRST 196/142 0
2,12,0,15E TRA(I)PSED,C5 PETARDS,0.347918,0.341261,1T13/1I1T11/1CHART5G3/3XU4KHI3/3AR4OOF3/4PI2FAG4/5N2A1G4/5V1UVAE4/5EW1O1R4/5NO1U6/5TO1r6/6LYE6/6DOD6/7N7/7I7 ADEPRST/BEILNTY 142/216 0
3,0,0,8H EVICT,8D CIVET,0.537172,0.525175,15/15/15/15/15/15/15/15/15/15/15/15/15/15/15 CEEILTV/ABEGLLN 0/0 0
3,1,1,J3 LABEL(I)NG,J3 LABEL(I)NG,0.591950,0.591950,15/15/15/15/15/15/15/7EVICT3/15/15/15/15/15/15/15 ABEGLLN/EELOOPT 0/22 0
3,2,0,K3 OLE,K8 (C)OOP,0.318820,0.307119,15/15/9L5/9A5/9B5/9E5/9L5/7EVICT3/9N5/9G5/15/15/15/15/15 EELOOPT/EHIKMOT 22/67 0
3,3,1,L1 KITE,L1 KITE,0.656475,0.656475,15/15/9LO4/9AL4/9BE4/9E5/9L5/7EVICT3/9N5/9G5/15/15/15/15/15 EHIKMOT/AEEEOPT 67/40 0
3,4,0,1H APEE(K),1H APEE(K),0.299395,0.299395,11K3/11I3/9LOT3/9ALE3/9BE4/9E5/9L5/7EVICT3/9N5/9G5/15/15/15/15/15 AEEEOPT/GHMOTWY 40/102 0
3,5,1,M2 TOWY,M2 TOWY,0.669768,0.669768,7APEEK3/11I3/9LOT3/9ALE3/9BE4/9E5/9L5/7EVICT3/9N5/9G5/15/15/15/15/15 GHMOTWY/AEENOOT 102/73 0
3,6,0,K8 (C)OON,I7 E(V)O,0.226057,0.217787,7APEEK3/11IT2/9LOTO2/9ALEW2/9BE1Y2/9E5/9L5/7EVICT3/9N5/9G5/15/15/15/15/15 AEENOOT/DGHMNPR 73/139 0
3,7,1,(exch GHMNPR),H7 H(E)MP,0.670894,0.635799,7APEEK3/11IT2/9LOTO2/9ALEW2/9BE1Y2/9E5/9L5/7EVICT3/9NO4/9GO4/10N4/15/15/15/15 DGHMNPR/ABEERTW 139/90 0
3,8,0,2F WEB,2F WEB,0.340089,0.340089,7APEEK3/11IT2/9LOTO2/9ALEW2/9BE1Y2/9E5/9L5/7EVICT3/9NO4/9GO4/10N4/15/15/15/15 ABEERTW/ADDDEFS 90/139 1
3,9,1,3C FADED,3C FADED,0.725310,0.725310,7APEEK3/5WEB3IT2/9LOTO2/9ALEW2/9BE1Y2/9E5/9L5/7EVICT3/9NO4/9GO4/10N4/15/15/15/15 ADDDEFS/AEINRRT 139/110 0
3,10,0,7B TRAINER,9B TERRAIN,0.368824,0.368434,7APEEK3/5WEB3IT2/2FADED2LOTO2/9ALEW2/9BE1Y2/9E5/9L5/7EVICT3/9NO4/9GO4/10N4/15/15/15/15 AEINRRT/ADEHRSS 110/173 0
3,11,1,A1 DASHERS,A1 DASHERS,0.882241,0.882241,7APEEK3/5WEB3IT2/2FADED2LOTO2/9ALEW2/9BE1Y2/9E5/1TRAINER1L5/7EVICT3/9NO4/9GO4/10N4/15/15/15/15 ADEHRSS/ACIILMR 173/171 0
4,0,0,8G JIZ,8G JIZ,0.566065,0.566065,15/15/15/15/15/15/15/15/15/15/15/15/15/15/15 GIJLSVZ/ADEILOR 0/0 0
4,1,1,9H DARIOLE,9H DARIOLE,0.526868,0.526868,15/15/15/15/15/15/15/6JIZ6/15/15/15/15/15/15/15 ADEILOR/AFGLSTV 0/38 0
4,2,0,8L SAFT,O6 VAGS,0.360793,0.343798,15/15/15/15/15/15/15/6JIZ6/7DARIOLE1/15/15/15/15/15/15 AFGLSTV/AEELNPR 38/75 0
4,3,1,10L PEEL,10L PEN,0.562305,0.541475,15/15/15/15/15/15/15/6JIZ2SAFT/7DARIOLE1/15/15/15/15/15/15 AEELNPR/EGLOOUV 75/72 0
4,4,0,10G VEG,10C VOULGE,0.351059,0.344967,15/15/15/15/15/15/15/6JIZ2SAFT/7DARIOLE1/11PEEL/15/15/15/15/15 EGLOOUV/AAEIMNR 72/99 0
4,5,1,O10 (L)AMINA,O10 (L)AMINA,0.573364,0.573364,15/15/15/15/15/15/15/6JIZ2SAFT/7DARIOLE1/6VEG2PEEL/15/15/15/15/15 AAEIMNR/HILOORU 99/96 0
4,6,0,N12 HOI,N12 HOI,0.326875,0.326875,15/15/15/15/15/15/15/6JIZ2SAFT/7DARIOLE1/6VEG2PEEL/14A/14M/14I/14N/14A HILOORU/EEIORTV 96/132 0
4,7,1,12L VE(HM),12L VE(HM),0.588017,0.588017,15/15/15/15/15/15/15/6JIZ2SAFT/7DARIOLE1/6VEG2PEEL/14A/13HM/13OI/13IN/14A EEIORTV/LOORTUU 132/121 0
4,8,0,J9 (R)OUL,J9 (R)OUL,0.311838,0.311838,15/15/15/15/15/15/15/6JIZ2SAFT/7DARIOLE1/6VEG2PEEL/14A/11VEHM/13OI/13IN/14A LOORTUU/CEIORST 121/156 0
4,9,1,12C COISTRE(L),12C COISTRE(L),0.814940,0.814940,15/15/15/15/15/15/15/6JIZ2SAFT/7DARIOLE1/6VEGO1PEEL/9U4A/9L1VEHM/13OI/13IN/14A CEIORST/MOQRTUX 156/137 0
4,10,0,E10 QU(I)M,11D OX,0.142095,0.137873,15/15/15/15/15/15/15/6JIZ2SAFT/7DARIOLE1/6VEGO1PEEL/9U4A/2COISTREL1VEHM/13OI/13IN/14A MOQRTUX/DDINNOR 137/228 0
4,11,1,H12 (R)IND,H12 (R)IND,0.736006,0.736006,15/15/15/15/15/15/15/6JIZ2SAFT/7DARIOLE1/4Q1VEGO1PEEL/4U4U4A/2COISTREL1VEHM/4M8OI/13IN/14A DDINNOR/NORTXY? 228/167 0
4,12,0,14G O(N)YX,14G O(N)YX,0.264732,0.264732,15/15/15/15/15/15/15/6JIZ2SAFT/7DARIOLE1/4Q1VEGO1PEEL/4U4U4A/2COISTREL1VEHM/4M2I5OI/7N5IN/7D6A NORTXY?/AADNNOR 167/243 0
4,13,1,15B DONNAR(D),C9 NAR(C)O,0.729919,0.695378,15/15/15/15/15/15/15/6JIZ2SAFT/7DARIOLE1/4Q1VEGO1PEEL/4U4U4A/2COISTREL1VEHM/4M2I5OI/6ONYX3IN/7D6A AADNNOR/BEFNRT? 243/197 0
5,0,0,8D WIVED,8D WIVED,0.606097,0.606097,15/15/15/15/15/15/15/15/15/15/15/15/15/15/15 DEISTVW/EINNORY 0/0 0
5,1,1,7G YON,7G YON,0.404152,0.404152,15/15/15/15/15/15/15/3WIVED7/15/15/15/15/15/15/15 EINNORY/ABNNSST 0/32 0
5,2,0,6G SNAB,6G SNAB,0.638988,0.638988,15/15/15/15/15/15/6YON6/3WIVED7/15/15/15/15/15/15/15 ABNNSST/AAEINPR 32/23 0
5,3,1,9G NIPA,9G NIPA,0.395574,0.395574,15/15/15/15/15/6SNAB5/6YON6/3WIVED7/15/15/15/15/15/15/15 AAEINPR/IIJLNST 23/56 0
5,4,0,J9 (A)JI,J9 (A)JI,0.658320,0.658320,15/15/15/15/15/6SNAB5/6YON6/3WIVED7/6NIPA5/15/15/15/15/15/15 IIJLNST/AEGINRY 56/46 0
5,5,1,D8 (W)EARYING,D8 (W)EARYING,0.612507,0.612507,15/15/15/15/15/6SNAB5/6YON6/3WIVED7/6NIPA5/9J5/9I5/15/15/15/15 AEGINRY/EILNRST 46/82 0
5,6,0,15A TIN(G)LERS,15A RIN(G)LETS,0.761915,0.678793,15/15/15/15/15/6SNAB5/6YON6/3WIVED7/3E2NIPA5/3A5J5/3R5I5/3Y11/3I11/3N11/3G11 EILNRST/EIIRUZ? 82/130 0
5,7,1,14F ZE,14F ZE,0.347050,0.347050,15/15/15/15/15/6SNAB5/6YON6/3WIVED7/3E2NIPA5/3A5J5/3R5I5/3Y11/3I11/3N11/TINGLERS7 EIIRUZ?/AEGGLLX 130/213 0
5,8,0,11B GA(R)GLE,C12 AX,0.584061,0.574063,15/15/15/15/15/6SNAB5/6YON6/3WIVED7/3E2NIPA5/3A5J5/3R5I5/3Y11/3I11/3N1ZE8/TINGLERS7 AEGGLLX/IIRRTU? 213/194 0
5,9,1,12G RIT,H11 RIT,0.410533,0.368485,15/15/15/15/15/6SNAB5/6YON6/3WIVED7/3E2NIPA5/3A5J5/1GARGLE2I5/3Y11/3I11/3N1ZE8/TINGLERS7 IIRRTU?/DKLSSTX 194/229 0
5,10,0,C10 D(A)KS,H11 D(I)SK(S),0.790402,0.781922,15/15/15/15/15/6SNAB5/6YON6/3WIVED7/3E2NIPA5/3A5J5/1GARGLE2I5/3Y2RIT6/3I11/3N1ZE8/TINGLERS7 DKLSSTX/BIIRUU? 229/200 0
5,11,1,(exch BIUU),I12 (T)UI,0.249463,0.243890,15/15/15/15/15/6SNAB5/6YON6/3WIVED7/3E2NIPA5/2DA5J5/1GARGLE2I5/2KY2RIT6/2SI11/3N1ZE8/TINGLERS7 BIIRUU?/AFHLSTX 200/263 0
5,12,0,K11 FALX,K11 FLAX,0.923358,0.920948,15/15/15/15/15/6SNAB5/6YON6/3WIVED7/3E2NIPA5/2DA5J5/1GARGLE2I5/2KY2RIT6/2SI11/3N1ZE8/TINGLERS7 AFHLSTX/AIOORT? 263/200 1
5,13,1,5I ROOIkAT,5I ROOIkAT,0.212015,0.212015,15/15/15/15/15/6SNAB5/6YON6/3WIVED7/3E2NIPA5/2DA5J5/1GARGLE2IF4/2KY2RIT1A4/2SI6L4/3N1ZE3X4/TINGLERS7 AIOORT?/HIMSTTU 200/301 0
6,0,0,(exch FN),(exch FN),0.559420,0.559420,15/15/15/15/15/15/15/15/15/15/15/15/15/15/15 EFNPRST/ABELOOV 0/0 0
6,1,1,8F ABOVE,8D ABOVE,0.506330,0.498073,15/15/15/15/15/15/15/15/15/15/15/15/15/15/15 ABELOOV/EIPRSTV 0/0 1
6,2,0,H8 (O)VERTIPS,H8 (O)VERTIPS,0.696359,0.696359,15/15/15/15/15/15/15/5ABOVE5/15/15/15/15/15/15/15 EIPRSTV/BDDILOO 0/20 0
6,3,1,10B BLOODI(E)D,J2 BLOODI(E)D,0.401389,0.399552,15/15/15/15/15/15/15/5ABOVE5/7V7/7E7/7R7/7T7/7I7/7P7/7S7 BDDILOO/AEFGOW? 20/92 0
6,4,0,15A FlOWAGE(S),15A FlOWAGE(S),0.828533,0.828533,15/15/15/15/15/15/15/5ABOVE5/7V7/1BLOODIED6/7R7/7T7/7I7/7P7/7S7 AEFGOW?/EGINPRY 92/92 0
6,5,1,D6 PIGE(O)NRY,D6 PIGE(O)NRY,0.303988,0.303988,15/15/15/15/15/15/15/5ABOVE5/7V7/1BLOODIED6/7R7/7T7/7I7/7P7/FlOWAGES7 EGINPRY/AHINOUY 92/196 0
6,6,0,14F UN(P)AY,14F UN(P)AY,0.622616,0.622616,15/15/15/15/15/3P11/3I11/3G1ABOVE5/3E3V7/1BLOODIED6/3N3R7/3R3T7/3Y3I7/7P7/FlOWAGES7 AHINOUY/AEIJNNT 196/174 0
6,7,1,E5 JIN,E5 JIN,0.310307,0.310307,15/15/15/15/15/3P11/3I11/3G1ABOVE5/3E3V7/1BLOODIED6/3N3R7/3R3T7/3Y3I7/5UNPAY5/FlOWAGES7 AEIJNNT/CEFHIOS 174/223 0
6,8,0,F4 HOC,C12 OF,0.769294,0.767331,15/15/15/15/4J10/3PI10/3IN10/3G1ABOVE5/3E3V7/1BLOODIED6/3N3R7/3R3T7/3Y3I7/5UNPAY5/FlOWAGES7 CEFHIOS/AEENRRT 223/200 0
6,9,1,12F NA(T)TERER,12F RA(T)TENER,0.427856,0.384554,15/15/15/5H9/4JO9/3PIC9/3IN10/3G1ABOVE5/3E3V7/1BLOODIED6/3N3R7/3R3T7/3Y3I7/5UNPAY5/FlOWAGES7 AEENRRT/EFINSZ? 200/259 0
6,10,0,J2 FrENZI(E)S,K2 FIzZENS,0.869553,0.868936,15/15/15/5H9/4JO9/3PIC9/3IN10/3G1ABOVE5/3E3V7/1BLOODIED6/3N3R7/3R1NATTERER2/3Y3I7/5UNPAY5/FlOWAGES7 EFINSZ?/DEOSTTU 259/266 0
7,0,0,(exch EIO),(exch EIO),0.491786,0.491786,15/15/15/15/15/15/15/15/15/15/15/15/15/15/15 EEIINOR/BELOPRT 0/0 0
7,1,1,8D BOLTER,8G BOP,0.513362,0.504389,15/15/15/15/15/15/15/15/15/15/15/15/15/15/15 BELOPRT/DEEINR? 0/0 1
7,2,0,E5 REj(O)INED,E5 REc(O)INED,0.662644,0.659468,15/15/15/15/15/15/15/3BOLTER6/15/15/15/15/15/15/15 DEEINR?/AKNPTUY 0/22 0
7,3,1,D11 TANKY,6B PUK(E)Y,0.301193,0.295984,15/15/15/15/4R10/4E10/4j10/3BOLTER6/4I10/4N10/4E10/4D10/15/15/15 AKNPTUY/AAFHLRY 22/82 0
7,4,0,F6 HA(L)FA,F6 HA(L)FA,0.674918,0.674918,15/15/15/15/4R10/4E10/4j10/3BOLTER6/4I10/4N10/3TE10/3AD10/3N11/3K11/3Y11 AAFHLRY/ACDHOPU 82/62 0
7,5,1,C9 CHADO,15A ACH(Y),0.275376,0.274051,15/15/15/15/4R10/4EH9/4jA9/3BOLTER6/4IF9/4NA9/3TE10/3AD10/3N11/3K11/3Y11 ACDHOPU/DLLRTY? 62/126 0
7,6,0,14A DaR(K)LY,14A DaR(K)LY,0.731797,0.731797,15/15/15/15/4R10/4EH9/4jA9/3BOLTER6/2C1IF9/2H1NA9/2ATE10/2DAD10/2ON11/3K11/3Y11 DLLRTY?/AFPQSTU 126/102 0
7,7,1,A11 QUA(D)S,A11 QUA(D)S,0.227437,0.227437,15/15/15/15/4R10/4EH9/4jA9/3BOLTER6/2C1IF9/2H1NA9/2ATE10/2DAD10/2ON11/DaRKLY9/3Y11 AFPQSTU/ALOOOTT 102/180 0
7,8,0,15F OTTO,15F OOT,0.668284,0.662876,15/15/15/15/4R10/4EH9/4jA9/3BOLTER6/2C1IF9/2H1NA9/Q1ATE10/U1DAD10/A1ON11/DaRKLY9/S2Y11 ALOOOTT/AEEFPTU 180/150 0
7,9,1,D4 AUF,D4 AUF,0.298599,0.298599,15/15/15/15/4R10/4EH9/4jA9/3BOLTER6/2C1IF9/2H1NA9/Q1ATE10/U1DAD10/A1ON11/DaRKLY9/S2Y1OTTO6 AEEFPTU/AAEGLOU 150/197 0
7,10,0,B10 OU,B10 OU,0.676275,0.676275,15/15/15/3A11/3UR10/3FEH9/4jA9/3BOLTER6/2C1IF9/2H1NA9/Q1ATE10/U1DAD10/A1ON11/DaRKLY9/S2Y1OTTO6 AAEGLOU/EEINPST 197/173 0
7,11,1,J3 PENTISE,J3 PENTISE,0.516649,0.516649,15/15/15/3A11/3UR10/3FEH9/4jA9/3BOLTER6/2C1IF9/1OH1NA9/QUATE10/U1DAD10/A1ON11/DaRKLY9/S2Y1OTTO6 EEINPST/AAEGILS 173/222 0
8,0,0,8F PROD,8D PRODS,0.554875,0.553190,15/15/15/15/15/15/15/15/15/15/15/15/15/15/15 ADOPRSS/EEJNOOS 0/0 0
8,1,1,G8 (R)EJONEOS,G8 (R)EJONEOS,0.594653,0.594653,15/15/15/15/15/15/15/5PROD6/15/15/15/15/15/15/15 EEJNOOS/AIISSTY 0/14 0
8,2,0,15E SY(S)SITIA,15E SY(S)SITIA,0.539641,0.539641,15/15/15/15/15/15/15/5PROD6/6E8/6J8/6O8/6N8/6E8/6O8/6S8 AIISSTY/AEILNRT 14/67 0
8,3,1,13C ELAT(E)RIN,13C ELAT(E)RIN,0.559213,0.559213,15/15/15/15/15/15/15/5PROD6/6E8/6J8/6O8/6N8/6E8/6O8/4SYSSITIA3 AEILNRT/ADDEIN? 67/100 0
8,4,0,11E AD(O)NIsED,11E AN(O)DIzED,0.646913,0.642693,15/15/15/15/15/15/15/5PROD6/6E8/6J8/6O8/6N8/2ELATERIN5/6O8/4SYSSITIA3 ADDEIN?/EEMNOY? 100/135 0
8,5,1,L4 MONkEYE(D),L4 MONkEYE(D),0.527693,0.527693,15/15/15/15/15/15/15/5PROD6/6E8/6J8/4ADONIsED3/6N8/2ELATERIN5/6O8/4SYSSITIA3 EEMNOY?/AEGGHIS 135/186 0
8,6,0,14K HAGG,14K HAGG,0.500015,0.500015,15/15/15/11M3/11O3/11N3/11k3/5PROD2E3/6E4Y3/6J4E3/4ADONIsED3/6N8/2ELATERIN5/6O8/4SYSSITIA3 AEGGHIS/EEFIIQT 186/213 0
8,7,1,6J QI(N),6J QI(N),0.570406,0.570406,15/15/15/11M3/11O3/11N3/11k3/5PROD2E3/6E4Y3/6J4E3/4ADONIsED3/6N8/2ELATERIN5/6O3HAGG1/4SYSSITIA3 EEFIIQT/EIKORSU 213/211 0
8,8,0,C7 EUROKI(E)S,C7 EUROKI(E)S,0.549347,0.549347,15/15/15/11M3/11O3/9QIN3/11k3/5PROD2E3/6E4Y3/6J4E3/4ADONIsED3/6N8/2ELATERIN5/6O3HAGG1/4SYSSITIA3 EIKORSU/AEEFITW 211/245 0
9,0,0,8D PLATT,8D PLATT,0.464929,0.464929,15/15/15/15/15/15/15/15/15/15/15/15/15/15/15 ADLPTTV/AHINRRX 0/0 0
9,1,1,9F XI,E8 (L)ANX,0.407039,0.388757,15/15/15/15/15/15/15/3PLATT7/15/15/15/15/15/15/15 AHINRRX/AADOSVZ 0/20 0
9,2,0,7C ZOA,7C ZOA,0.547019,0.547019,15/15/15/15/15/15/15/3PLATT7/5XI8/15/15/15/15/15/15 AADOSVZ/AEHNNRR 20/22 0
9,3,1,6D HARN,6D HARN,0.417964,0.417964,15/15/15/15/15/15/2ZOA10/3PLATT7/5XI8/15/15/15/15/15/15 AEHNNRR/ADDEOSV 22/48 0
9,4,0,10C DOVED,10C DOVED,0.625946,0.625946,15/15/15/15/15/3HARN8/2ZOA10/3PLATT7/5XI8/15/15/15/15/15/15 ADDEOSV/DEINORS 48/42 0
9,5,1,11G SORDINE,11G SORDINE,0.570320,0.570320,15/15/15/15/15/3HARN8/2ZOA10/3PLATT7/5XI8/2DOVED8/15/15/15/15/15 DEINORS/ACIOQSU 42/76 0
9,6,0,L6 COQUI(N)AS,L6 COQUI(N)AS,0.727057,0.727057,15/15/15/15/15/3HARN8/2ZOA10/3PLATT7/5XI8/2DOVED8/6SORDINE2/15/15/15/15 ACIOQSU/EEEIMR? 76/113 0
9,7,1,13F EMpERI(S)E,13F EMpERI(S)E,0.412537,0.412537,15/15/15/15/15/3HARN4C3/2ZOA6O3/3PLATT3Q3/5XI4U3/2DOVED4I3/6SORDINE2/11A3/11S3/15/15 EEEIMR?/ACDGLOS 113/184 0
9,8,0,14B ACOLD,14B ACOLD,0.577098,0.577098,15/15/15/15/15/3HARN4C3/2ZOA6O3/3PLATT3Q3/5XI4U3/2DOVED4I3/6SORDINE2/11A3/5EMpERISE2/15/15 ACDGLOS/EEIIORU 184/189 0
9,9,1,D12 EU(O)I,D12 EU(O)I,0.302257,0.302257,15/15/15/15/15/3HARN4C3/2ZOA6O3/3PLATT3Q3/5XI4U3/2DOVED4I3/6SORDINE2/11A3/5EMpERISE2/1ACOLD9/15 EEIIORU/GMNNSUY 189/215 0
9,10,0,C12 MY(C),C12 MY(C),0.683199,0.683199,15/15/15/15/15/3HARN4C3/2ZOA6O3/3PLATT3Q3/5XI4U3/2DOVED4I3/6SORDINE2/3E7A3/3U1EMpERISE2/1ACOLD9/3I11 GMNNSUY/BEEIORT 215/199 0
9,11,1,5E BOET,5E BOET,0.303873,0.303873,15/15/15/15/15/3HARN4C3/2ZOA6O3/3PLATT3Q3/5XI4U3/2DOVED4I3/6SORDINE2/2ME7A3/2YU1EMpERISE2/1ACOLD9/3I11 BEEIORT/EEGNNSU 199/249 0
10,0,0,8C OVArIAL,8C OVArIAL,0.718422,0.718422,15/15/15/15/15/15/15/15/15/15/15/15/15/15/15 AAILOV?/ACDDEI? 0/0 0
10,1,1,E4 DAED(A)lIC,E4 DAED(A)lIC,0.477620,0.477620,15/15/15/15/15/15/15/2OVArIAL6/15/15/15/15/15/15/15 ACDDEI?/EGLNRXY 0/76 0
10,2,0,C7 L(O)XYGEN,C7 L(O)XYGEN,0.570169,0.570169,15/15/15/4D10/4A10/4E10/4D10/2OVArIAL6/4l10/4I10/4C10/15/15/15/15 EGLNRXY/AENNOQT 76/94 0
10,3,1,G7 Q(I),G7 Q(I),0.404655,0.404655,15/15/15/4D10/4A10/4E10/2L1D10/2OVArIAL6/2X1l10/2Y1I10/2G1C10/2E12/2N12/15/15 AENNOQT/EGIMRSU 94/130 0
10,4,0,4B SMU(D)GIER,4B SMU(D)GIER,0.801128,0.801128,15/15/15/4D10/4A10/4E10/2L1D1Q8/2OVArIAL6/2X1l10/2Y1I10/2G1C10/2E12/2N12/15/15 EGIMRSU/AEENNOT 130/115 0
10,5,1,9G NEONATE,9G NEONATE,0.324007,0.324007,15/15/15/1SMUDGIER6/4A10/4E10/2L1D1Q8/2OVArIAL6/2X1l10/2Y1I10/2G1C10/2E12/2N12/15/15 AEENNOT/AEFOORS 115/206 0
10,6,0,B9 OF,B9 OF,0.729096,0.729096,15/15/15/1SMUDGIER6/4A10/4E10/2L1D1Q8/2OVArIAL6/2X1l1NEONATE2/2Y1I10/2G1C10/2E12/2N12/15/15 AEFOORS/AHIIKVY 206/193 0
10,7,1,D12 HAIK,D12 HAIK,0.286340,0.286340,15/15/15/1SMUDGIER6/4A10/4E10/2L1D1Q8/2OVArIAL6/1OX1l1NEONATE2/1FY1I10/2G1C10/2E12/2N12/15/15 AHIIKVY/AEIORSZ 193/244 0
10,8,0,B2 AS(S)IZE,B2 AS(S)IZE,0.780569,0.780569,15/15/15/1SMUDGIER6/4A10/4E10/2L1D1Q8/2OVArIAL6/1OX1l1NEONATE2/1FY1I10/2G1C10/2EH11/2NA11/3I11/3K11 AEIORSZ/BDEITVY 244/237 0
10,9,1,H1 VIB(E)Y,H1 VIB(E)Y,0.207931,0.207931,15/1A13/1S13/1SMUDGIER6/1I2A10/1Z2E10/1EL1D1Q8/2OVArIAL6/1OX1l1NEONATE2/1FY1I10/2G1C10/2EH11/2NA11/3I11/3K11 BDEITVY/DFILOPR 237/316 0
10,10,0,M3 PROFIL(E)D,M3 PROFIL(E)D,0.932071,0.932071,7V7/1A5I7/1S5B7/1SMUDGIER6/1I2A2Y7/1Z2E10/1EL1D1Q8/2OVArIAL6/1OX1l1NEONATE2/1FY1I10/2G1C10/2EH11/2NA11/3I11/3K11 DFILOPR/ADEGJTU 316/276 0
11,0,0,8H DWAM,8F DWAM,0.477187,0.464255,15/15/15/15/15/15/15/15/15/15/15/15/15/15/15 ADDFMTW/AEIILNY 0/0 0
11,1,1,K8 (M)INY,9J AYIN,0.425449,0.424713,15/15/15/15/15/15/15/7DWAM4/15/15/15/15/15/15/15 AEIILNY/ADFHILT 0/20 0
11,2,0,J8 (A)LIF,J8 (A)LIF,0.527261,0.527261,15/15/15/15/15/15/15/7DWAM4/10I4/10N4/10Y4/15/15/15/15 ADFHILT/AEEILLZ 20/18 0
11,3,1,7G ZEA,7G ZEA,0.432002,0.432002,15/15/15/15/15/15/15/7DWAM4/9LI4/9IN4/9FY4/15/15/15/15 AEEILLZ/ABDHNOT 18/43 0
11,4,0,6H NTH,6H NTH,0.494372,0.494372,15/15/15/15/15/15/6ZEA6/7DWAM4/9LI4/9IN4/9FY4/15/15/15/15 ABDHNOT/AEIKLLU 43/50 0
11,5,1,H2 LIKE(NED),5J ALKIE,0.400512,0.373563,15/15/15/15/15/7NTH5/6ZEA6/7DWAM4/9LI4/9IN4/9FY4/15/15/15/15 AEIKLLU/ABDEOU? 50/67 0
11,6,0,2H (L)ABOUrED,2H (L)ABOUrED,0.744967,0.744967,15/7L7/7I7/7K7/7E7/7NTH5/6ZEA6/7DWAM4/9LI4/9IN4/9FY4/15/15/15/15 ABDEOU?/AILPRU? 67/67 0
11,7,1,12D PARULIs,12D PARULIs,0.344990,0.344990,15/7LABOUrED/7I7/7K7/7E7/7NTH5/6ZEA6/7DWAM4/9LI4/9IN4/9FY4/15/15/15/15 AILPRU?/INSSSTV 67/149 0
11,8,0,L4 VINTS,L4 VINTS,0.629124,0.629124,15/7LABOUrED/7I7/7K7/7E7/7NTH5/6ZEA6/7DWAM4/9LI4/9IN4/9FY4/3PARULIs5/15/15/15 INSSSTV/AGNOTTV 149/142 0
11,9,1,1L NOTA,11A GAVOT,0.337349,0.312299,15/7LABOUrED/7I7/7K3V3/7E3I3/7NTH1N3/6ZEA2T3/7DWAMS3/9LI4/9IN4/9FY4/3PARULIs5/15/15/15 AGNOTTV/JLSSTTW 142/179 0
11,10,0,5K J(I)LT,5K J(I)LT,0.649619,0.649619,11NOTA/7LABOUrED/7I7/7K3V3/7E3I3/7NTH1N3/6ZEA2T3/7DWAMS3/9LI4/9IN4/9FY4/3PARULIs5/15/15/15 JLSSTTW/EGQRRTV 179/172 0
11,11,1,E11 Q(A)T,E11 Q(A)T,0.321423,0.321423,11NOTA/7LABOUrED/7I7/7K3V3/7E2JILT1/7NTH1N3/6ZEA2T3/7DWAMS3/9LI4/9IN4/9FY4/3PARULIs5/15/15/15 EGQRRTV/AIPSSTW 172/201 0
11,12,0,O5 SAWPITS,O5 SAWPITS,0.911474,0.911474,11NOTA/7LABOUrED/7I7/7K3V3/7E2JILT1/7NTH1N3/6ZEA2T3/7DWAMS3/9LI4/9IN4/4Q4FY4/3PARULIs5/4T10/15/15 AIPSSTW/EGIRRRV 201/196 0
12,0,0,8G DAMP,8D DAMPS,0.561516,0.549957,15/15/15/15/15/15/15/15/15/15/15/15/15/15/15 ADMPRSS/AACENOQ 0/0 0
12,1,1,7F CANE,(exch AOQ),0.383922,0.371401,15/15/15/15/15/15/15/6DAMP5/15/15/15/15/15/15/15 AACENOQ/AEEIRSS 0/18 0
12,2,0,H7 (NA)E,9H SEI,0.589735,0.567209,15/15/15/15/15/15/5CANE6/6DAMP5/15/15/15/15/15/15/15 AEEIRSS/ANOQUU? 18/19 0
12,3,1,G4 QUO(AD),G4 QUO(AD),0.583371,0.583371,15/15/15/15/15/15/5CANE6/6DAMP5/7E7/15/15/15/15/15/15 ANOQUU?/AEGIRSS 19/21 0
12,4,0,K5 GASSIER,K5 GASSIER,0.742867,0.742867,15/15/15/6Q8/6U8/6O8/5CANE6/6DAMP5/7E7/15/15/15/15/15/15 AEGIRSS/ALNRUY? 21/34 0
12,5,1,10B URANYLs,10B URANYLs,0.367394,0.367394,15/15/15/6Q8/6U3G4/6O3A4/5CANE1S4/6DAMPS4/7E2I4/10E4/10R4/15/15/15/15 ALNRUY?/DEFIINO 34/113 0
12,6,0,H1 IODIN,H1 FINI,0.604376,0.597618,15/15/15/6Q8/6U3G4/6O3A4/5CANE1S4/6DAMPS4/7E2I4/1URANYLs2E4/10R4/15/15/15/15 DEFIINO/AEEGRTX 113/106 0
12,7,1,J10 RETAX,J10 RETAX,0.354209,0.354209,7I7/7O7/7D7/6QI7/6UN2G4/6O3A4/5CANE1S4/6DAMPS4/7E2I4/1URANYLs2E4/10R4/15/15/15/15 AEEGRTX/BBEEFGT 106/148 0
12,8,0,5D BEB(UN)G,5D BEB(UN)G,0.535275,0.535275,7I7/7O7/7D7/6QI7/6UN2G4/6O3A4/5CANE1S4/6DAMPS4/7E2I4/1URANYLs1RE4/9ER4/9T5/9A5/9X5/15 BBEEFGT/AEGHIKW 148/142 0
12,9,1,L1 HAWKIE,L1 HAWKIE,0.457617,0.457617,7I7/7O7/7D7/6QI7/3BEBUNG1G4/6O3A4/5CANE1S4/6DAMPS4/7E2I4/1URANYLs1RE4/9ER4/9T5/9A5/9X5/15 AEGHIKW/AEEFTTU 142/170 0
12,10,0,C9 F(R)ATE,I13 FEU,0.443933,0.375841,7I3H3/7O3A3/7D3W3/6QI3K3/3BEBUNG1GI3/6O3AE3/5CANE1S4/6DAMPS4/7E2I4/1URANYLs1RE4/9ER4/9T5/9A5/9X5/15 AEEFTTU/DFGMNS? 170/187 0
12,11,1,13I F(A)NDS,13I F(A)NGS,0.662002,0.642060,7I3H3/7O3A3/7D3W3/6QI3K3/3BEBUNG1GI3/6O3AE3/5CANE1S4/6DAMPS4/2F4E2I4/1URANYLs1RE4/2A6ER4/2T6T5/2E6A5/9X5/15 DFGMNS?/EIIITUZ 187/194 0
13,0,0,8C SPARING,8D PARSING,0.718876,0.711890,15/15/15/15/15/15/15/15/15/15/15/15/15/15/15 AGINPRS/AAAIIIZ 0/0 0
13,1,1,F6 ZA(R)I,7G AIA,0.195690,0.186487,15/15/15/15/15/15/15/2SPARING6/15/15/15/15/15/15/15 AAAIIIZ/CEERUVX 0/76 0
13,2,0,7F (A)XE,7F (A)XE,0.728197,0.728197,15/15/15/15/15/5Z9/5A9/2SPARING6/5I9/15/15/15/15/15/15 CEERUVX/AAAIIOY 76/33 0
13,3,1,(exch AAAIOY),(exch AAIIOY),0.149006,0.145983,15/15/15/15/15/5Z9/5AXE7/2SPARING6/5I9/15/15/15/15/15/15 AAAIIOY/CEFRUV? 33/113 0
13,4,0,C6 FU(S)C,C3 CURVE(S),0.895212,0.890681,15/15/15/15/15/5Z9/5AXE7/2SPARING6/5I9/15/15/15/15/15/15 CEFRUV?/DEFGIR? 113/33 1
13,5,1,B1 FIREDoG,6H FRIGgED,0.331710,0.324590,15/15/15/15/15/2F2Z9/2U2AXE7/2SPARING6/2C2I9/15/15/15/15/15/15 DEFGIR?/EHJMRV? 33/126 0
13,6,0,4A V(E)HM,4A V(E)HM,0.749041,0.749041,1F13/1I13/1R13/1E13/1D13/1oF2Z9/1GU2AXE7/2SPARING6/2C2I9/15/15/15/15/15/15 EHJMRV?/BGILNOS 126/112 0
13,7,1,6H GOBLINS,6H GOBLINS,0.518284,0.518284,1F13/1I13/1R13/VEHM11/1D13/1oF2Z9/1GU2AXE7/2SPARING6/2C2I9/15/15/15/15/15/15 BGILNOS/AEIJOR? 112/158 0
13,8,0,N2 JARO(S)ItE,N2 JARO(S)ItE,0.638987,0.638987,1F13/1I13/1R13/VEHM11/1D13/1oF2Z1GOBLINS1/1GU2AXE7/2SPARING6/2C2I9/15/15/15/15/15/15 AEIJOR?/ADELNNR 158/184 0
13,9,1,L6 (I)NLANDER,L6 (I)NLANDER,0.466784,0.466784,1F13/1I11J1/1R11A1/VEHM9R1/1D11O1/1oF2Z1GOBLINS1/1GU2AXE5I1/2SPARING4t1/2C2I7E1/15/15/15/15/15/15 ADELNNR/IOOQRST 184/236 0
13,10,0,10J QI(N),10J QI(N),0.558729,0.558729,1F13/1I11J1/1R11A1/VEHM9R1/1D11O1/1oF2Z1GOBLINS1/1GU2AXE3N1I1/2SPARING2L1t1/2C2I5A1E1/11N3/11D3/11E3/11R3/15/15 IOOQRST/ABIILNT 236/254 0
13,11,1,11I TIN(D),11I BIN(D),0.478762,0.455638,1F13/1I11J1/1R11A1/VEHM9R1/1D11O1/1oF2Z1GOBLINS1/1GU2AXE3N1I1/2SPARING2L1t1/2C2I5A1E1/9QIN3/11D3/11E3/11R3/15/15 ABIILNT/NOOORST 254/268 0
14,0,0,8C AMAUTIk,8C AMAUTIs,0.696900,0.692830,15/15/15/15/15/15/15/15/15/15/15/15/15/15/15 AAIMTU?/AIINOXZ 0/0 0
14,1,1,7C ZOA,7C ZOA,0.348591,0.348591,15/15/15/15/15/15/15/2AMAUTIk6/15/15/15/15/15/15/15 AIINOXZ/CEEGHNR 0/72 0
14,2,0,H3 CHEER(I)NG,H3 CHEER(I)NG,0.772520,0.772520,15/15/15/15/15/15/2ZOA10/2AMAUTIk6/15/15/15/15/15/15/15 CEEGHNR/EIINPSX 72/49 0
14,3,1,9A PIX,9A PIX,0.332803,0.332803,15/15/7C7/7H7/7E7/7E7/2ZOA2R7/2AMAUTIk6/7N7/7G7/15/15/15/15/15 EIINPSX/BGIORVY 49/140 0
14,4,0,D4 BRO(OM)Y,D4 BRO(OM)Y,0.706999,0.706999,15/15/7C7/7H7/7E7/7E7/2ZOA2R7/2AMAUTIk6/PIX4N7/7G7/15/15/15/15/15 BGIORVY/EFIIMNS 140/96 0
14,5,1,5G F(E)MINIES,5G F(E)MINIES,0.336970,0.336970,15/15/7C7/3B3H7/3R3E7/3O3E7/2ZOA2R7/2AMAUTIk6/PIXY3N7/7G7/15/15/15/15/15 EFIIMNS/EGILRRV 96/182 0
14,6,0,L1 VERL(I)G,L1 VERL(I)G,0.572161,0.572161,15/15/7C7/3B3H7/3R2FEMINIES1/3O3E7/2ZOA2R7/2AMAUTIk6/PIXY3N7/7G7/15/15/15/15/15 EGILRRV/BDEGJNO 182/172 0
14,7,1,H1 EN(CHEERING),J2 JOB(I)NG,0.367125,0.327292,11V3/11E3/7C3R3/3B3H3L3/3R2FEMINIES1/3O3E3G3/2ZOA2R7/2AMAUTIk6/PIXY3N7/7G7/15/15/15/15/15 BDEGJNO/AAIILRV 172/210 0
14,8,0,A9 (P)AIRIAL,1L (V)IVA,0.502574,0.443636,7E3V3/7N3E3/7C3R3/3B3H3L3/3R2FEMINIES1/3O3E3G3/2ZOA2R7/2AMAUTIk6/PIXY3N7/7G7/15/15/15/15/15 AAIILRV/BDGJLNO 210/220 0
14,9,1,J2 JOB(I)NG,J2 JOB(I)NG,0.448232,0.448232,7E3V3/7N3E3/7C3R3/3B3H3L3/3R2FEMINIES1/3O3E3G3/2ZOA2R7/2AMAUTIk6/PIXY3N7/A6G7/I14/R14/I14/A14/L14 BDGJLNO/DHNTVY? 220/240 0
14,10,0,2L (E)NVY,2L (E)NVY,0.584174,0.584174,7E3V3/7N1J1E3/7C1O1R3/3B3H1B1L3/3R2FEMINIES1/3O3E1N1G3/2ZOA2R1G5/2AMAUTIk6/PIXY3N7/A6G7/I14/R14/I14/A14/L14 DHNTVY?/DDELUUW 240/254 0
15,0,0,8D CUIsINE,8D CUIsINE,0.707145,0.707145,15/15/15/15/15/15/15/15/15/15/15/15/15/15/15 CEIINU?/DDEHTUV 0/0 0
15,1,1,9H DUD,7H DUH,0.221695,0.201094,15/15/15/15/15/15/15/3CUIsINE5/15/15/15/15/15/15/15 DDEHTUV/ADGGLRR 0/72 0
15,2,0,7F DARG,J2 DRAGGL(ED),0.742485,0.735055,15/15/15/15/15/15/15/3CUIsINE5/7DUD5/15/15/15/15/15/15 ADGGLRR/EEHOTVV 72/15 0
15,3,1,D8 (C)OVET,10J HOVE,0.212650,0.182864,15/15/15/15/15/15/5DARG6/3CUIsINE5/7DUD5/15/15/15/15/15/15 EEHOTVV/AEGLORR 15/96 0
15,4,0,11C R(E)ORG,E11 LOR,0.750499,0.737475,15/15/15/15/15/15/5DARG6/3CUIsINE5/3O3DUD5/3V11/3E11/3T11/15/15/15 AEGLORR/AEHITVW 96/35 0
15,5,1,10J HAW,10J HAW,0.237969,0.237969,15/15/15/15/15/15/5DARG6/3CUIsINE5/3O3DUD5/3V11/2REORG8/3T11/15/15/15 AEHITVW/AEGLNOT 35/108 0
15,6,0,L8 GO(W)LAN,L8 GO(W)LAN,0.697182,0.697182,15/15/15/15/15/15/5DARG6/3CUIsINE5/3O3DUD5/3V5HAW3/2REORG8/3T11/15/15/15 AEGLNOT/EINRTTV 108/67 0
15,7,1,13H VIRE(N)T,13H INVE(N)T,0.207603,0.206103,15/15/15/15/15/15/5DARG6/3CUIsINE1G3/3O3DUD1O3/3V5HAW3/2REORG4L3/3T7A3/11N3/15/15 EINRTTV/BEEMOTT 67/132 0
15,8,0,M9 EMO,M10 MOT(T)E,0.708279,0.706663,15/15/15/15/15/15/5DARG6/3CUIsINE1G3/3O3DUD1O3/3V5HAW3/2REORG4L3/3T7A3/7VIRENT2/15/15 BEEMOTT/AEJLNNT 132/87 0
15,9,1,H13 (V)AN,G3 JNAN(As),0.186856,0.162930,15/15/15/15/15/15/5DARG6/3CUIsINE1G3/3O3DUD1OE2/3V5HAWM2/2REORG4LO2/3T7A3/7VIRENT2/15/15 AEJLNNT/ABEKTTY 87/155 0
15,10,0,F10 B(R)AKY,F10 B(R)AKY,0.792301,0.792301,15/15/15/15/15/15/5DARG6/3CUIsINE1G3/3O3DUD1OE2/3V5HAWM2/2REORG4LO2/3T7A3/7VIRENT2/7A7/7N7 ABEKTTY/EIJLNTY 155/105 0
15,11,1,9C J(O)T,9C J(O)T,0.150169,0.150169,15/15/15/15/15/15/5DARG6/3CUIsINE1G3/3O3DUD1OE2/3V1B3HAWM2/2REORG4LO2/3T1A5A3/5K1VIRENT2/5Y1A7/7N7 EIJLNTY/AEEILTT 105/183 0
15,12,0,15G E(N)TITLE,10B TA(V),0.777731,0.780738,15/15/15/15/15/15/5DARG6/3CUIsINE1G3/2JOT2DUD1OE2/3V1B3HAWM2/2REORG4LO2/3T1A5A3/5K1VIRENT2/5Y1A7/7N7 AEEILTT/CEILNSY 183/125 0
16,0,0,8E MIGG,8G MIGG,0.495688,0.488597,15/15/15/15/15/15/15/15/15/15/15/15/15/15/15 GGIMPRT/ALORTUV 0/0 0
16,1,1,F4 OUTR(I)VAL,F4 OUTR(I)VAL,0.612431,0.612431,15/15/15/15/15/15/15/4MIGG7/15/15/15/15/15/15/15 ALORTUV/AEOPRST 0/16 0
16,2,0,11D PO(L)ESTAR,11D PO(L)ESTAR,0.578219,0.578219,15/15/15/5O9/5U9/5T9/5R9/4MIGG7/5V9/5A9/5L9/15/15/15/15 AEOPRST/ABERSY? 16/65 0
16,3,1,10I EYeBARS,L9 RoSEBAY,0.620872,0.594061,15/15/15/5O9/5U9/5T9/5R9/4MIGG7/5V9/5A9/3POLESTAR4/15/15/15/15 ABERSY?/DEINQRT 65/106 0
16,4,0,5E Q(U)IRTED,5E Q(U)IRTED,0.476895,0.476895,15/15/15/5O9/5U9/5T9/5R9/4MIGG7/5V9/5A2EYeBARS/3POLESTAR4/15/15/15/15 DEINQRT/AEEEKNU 106/152 0
16,5,1,H11 (S)KEAN,H11 (S)KENE,0.420210,0.400552,15/15/15/5O9/4QUIRTED4/5T9/5R9/4MIGG7/5V9/5A2EYeBARS/3POLESTAR4/15/15/15/15 AEEEKNU/AELNNOS 152/174 0
16,6,0,D3 ONS,12B LOAN,0.450551,0.418174,15/15/15/5O9/4QUIRTED4/5T9/5R9/4MIGG7/5V9/5A2EYeBARS/3POLESTAR4/7K7/7E7/7A7/7N7 AELNNOS/EEIORUV 174/194 0
16,7,1,N7 OUV(R)IERE,N7 OUV(R)IERE,0.729045,0.729045,15/15/3O11/3N1O9/3SQUIRTED4/5T9/5R9/4MIGG7/5V9/5A2EYeBARS/3POLESTAR4/7K7/7E7/7A7/7N7 EEIORUV/AEILNTY 194/198 0
16,8,0,15F IN(N)ATELY,15F IN(N)ATELY,0.337950,0.337950,15/15/3O11/3N1O9/3SQUIRTED4/5T9/5R7O1/4MIGG5U1/5V7V1/5A2EYeBARS/3POLESTAR2I1/7K5E1/7E5R1/7A5E1/7N7 AEILNTY/BEIIPT? 198/266 0
17,0,0,(exch AAEOU),(exch AAOUYY),0.447809,0.397778,15/15/15/15/15/15/15/15/15/15/15/15/15/15/15 AAEOUYY/AAIJLRX 0/0 0
17,1,1,8F RAJ,8G RAJ,0.526837,0.522105,15/15/15/15/15/15/15/15/15/15/15/15/15/15/15 AAIJLRX/GHIMRYY 0/0 1
17,2,0,F6 MY(R)RH,F5 MYR(R)HY,0.455856,0.455725,15/15/15/15/15/15/15/5RAJ7/15/15/15/15/15/15/15 GHIMRYY/AILNTX? 0/20 0
17,3,1,10C ANT(H)eLIX,10C ANT(H)eLIX,0.723569,0.723569,15/15/15/15/15/5M9/5Y9/5RAJ7/5R9/5H9/15/15/15/15/15 AILNTX?/EGIINOY 20/27 0
17,4,0,11C GOEY,11E OYE,0.245017,0.243156,15/15/15/15/15/5M9/5Y9/5RAJ7/5R9/2ANTHeLIX5/15/15/15/15/15 EGIINOY/EEFILOU 27/103 0
17,5,1,9C FOU(R),9C FOU(R),0.662381,0.662381,15/15/15/15/15/5M9/5Y9/5RAJ7/5R9/2ANTHeLIX5/2GOEY9/15/15/15/15 EEFILOU/AAIILNN 103/69 0
17,6,0,11H INIA,11H INIA,0.256577,0.256577,15/15/15/15/15/5M9/5Y9/5RAJ7/2FOUR9/2ANTHeLIX5/2GOEY9/15/15/15/15 AAIILNN/ABEEILW 69/131 0
17,7,1,E5 WEB,E5 WEB,0.730904,0.730904,15/15/15/15/15/5M9/5Y9/5RAJ7/2FOUR9/2ANTHeLIX5/2GOEY1INIA4/15/15/15/15 ABEEILW/AEEGLNO 131/90 0
17,8,0,H10 (LI)NGLE,I7 EAL(IN)G,0.208663,0.186826,15/15/15/15/4W10/4EM9/4BY9/5RAJ7/2FOUR9/2ANTHeLIX5/2GOEY1INIA4/15/15/15/15 AEEGLNO/AADEILS 90/158 0
17,9,1,8F (RAJ)A,8F (RAJ)A,0.802387,0.802387,15/15/15/15/4W10/4EM9/4BY9/5RAJ7/2FOUR9/2ANTHeLIX5/2GOEY1INIA4/7N7/7G7/7L7/7E7 AADEILS/AAEOPTW 158/114 0
17,10,0,D4 PAWA,D4 PAWA,0.317334,0.317334,15/15/15/15/4W10/4EM9/4BY9/5RAJA6/2FOUR9/2ANTHeLIX5/2GOEY1INIA4/7N7/7G7/7L7/7E7 AAEOPTW/ADEILOS 114/169 0
17,11,1,13H (G)OLIASED,13H (G)OLIASED,0.789654,0.789654,15/15/15/3P11/3AW10/3WEM9/3ABY9/5RAJA6/2FOUR9/2ANTHeLIX5/2GOEY1INIA4/7N7/7G7/7L7/7E7 ADEILOS/AEKLNOT 169/153 0
17,12,0,O8 TONKE(D),12L KETO,0.191916,0.177414,15/15/15/3P11/3AW10/3WEM9/3ABY9/5RAJA6/2FOUR9/2ANTHeLIX5/2GOEY1INIA4/7N7/7GOLIASED/7L7/7E7 AEKLNOT/BCEINOU 153/241 0
17,13,1,7I BOUNCE,7I BOUNCE,0.771154,0.771154,15/15/15/3P11/3AW10/3WEM9/3ABY9/5RAJA5T/2FOUR8O/2ANTHeLIX4N/2GOEY1INIA3K/7N6E/7GOLIASED/7L7/7E7 BCEINOU/AEEILOS 241/189 0
18,0,0,8F TIK,8G KIT,0.536096,0.522801,15/15/15/15/15/15/15/15/15/15/15/15/15/15/15 IKPRSTT/AEEGLPT 0/0 0
18,1,1,I6 PEAG,I7 PEG,0.475425,0.451959,15/15/15/15/15/15/15/5TIK7/15/15/15/15/15/15/15 AEEGLPT/OOPQRST 0/14 0
18,2,0,G7 Q(I),G7 Q(I),0.586346,0.586346,15/15/15/15/15/8P6/8E6/5TIKA6/8G6/15/15/15/15/15/15 OOPQRST/AEILLNT 14/18 0
18,3,1,J2 TENAIL,9E LIN,0.458629,0.402382,15/15/15/15/15/8P6/6Q1E6/5TIKA6/8G6/15/15/15/15/15/15 AEILLNT/MOOPRST 18/35 0
18,4,0,3D PROMOT(E)S,3D PROMOT(E)S,0.674150,0.674150,15/9T5/9E5/9N5/9A5/8PI5/6Q1EL5/5TIKA6/8G6/15/15/15/15/15/15 MOOPRST/DILNRTY 35/36 0
18,5,1,H1 TR(O)Y,H1 TR(O)Y,0.264883,0.264883,15/9T5/3PROMOTES4/9N5/9A5/8PI5/6Q1EL5/5TIKA6/8G6/15/15/15/15/15/15 DILNRTY/AIOOSVW 36/101 0
18,6,0,5D AVOWS,2E OW,0.653940,0.643093,7T7/7R1T5/3PROMOTES4/7Y1N5/9A5/8PI5/6Q1EL5/5TIKA6/8G6/15/15/15/15/15/15 AIOOSVW/DDILNUW 101/69 0
18,7,1,K5 WUD,K5 WUD,0.256939,0.256939,7T7/7R1T5/3PROMOTES4/7Y1N5/3AVOWS1A5/8PI5/6Q1EL5/5TIKA6/8G6/15/15/15/15/15/15 DDILNUW/EIIMORT 69/131 0
18,8,0,2F ME(R)I(T),4B MOI,0.670014,0.667469,7T7/7R1T5/3PROMOTES4/7Y1N5/3AVOWS1AW4/8PIU4/6Q1ELD4/5TIKA6/8G6/15/15/15/15/15/15 EIIMORT/BDILNR? 131/102 0
18,9,1,10D BLINDeR,10D BLINDeR,0.455098,0.455098,7T7/5MERIT5/3PROMOTES4/7Y1N5/3AVOWS1AW4/8PIU4/6Q1ELD4/5TIKA6/8G6/15/15/15/15/15/15 BDILNR?/AFIORTU 102/160 0
18,10,0,4D OAF,4D OAF,0.534139,0.534139,7T7/5MERIT5/3PROMOTES4/7Y1N5/3AVOWS1AW4/8PIU4/6Q1ELD4/5TIKA6/8G6/3BLINDeR5/15/15/15/15/15 AFIORTU/AEEINSV 160/172 0
18,11,1,H10 (D)EVEIN,H10 (D)EVEIN,0.530380,0.530380,7T7/5MERIT5/3PROMOTES4/3OAF1Y1N5/3AVOWS1AW4/8PIU4/6Q1ELD4/5TIKA6/8G6/3BLINDeR5/15/15/15/15/15 AEEINSV/EIRRTTU 172/197 0
18,12,0,D7 TRI(B)UTER,D7 TRI(B)UTER,0.701700,0.701700,7T7/5MERIT5/3PROMOTES4/3OAF1Y1N5/3AVOWS1AW4/8PIU4/6Q1ELD4/5TIKA6/8G6/3BLINDeR5/7E7/7V7/7E7/7I7/7N7 EIRRTTU/AAEEHIS 197/214 0
19,0,0,8E AWOKE,8H AWOKE,0.498327,0.472633,15/15/15/15/15/15/15/15/15/15/15/15/15/15/15 AEEKOUW/HJLSTTX 0/0 0
19,1,1,G7 J(O)LT,G7 J(O)LT,0.425025,0.425025,15/15/15/15/15/15/15/4AWOKE6/15/15/15/15/15/15/15 HJLSTTX/AAEGUW? 0/24 0
19,2,0,H5 WEA(K),9G (L)AW,0.637077,0.600579,15/15/15/15/15/15/6J8/4AWOKE6/6L8/6T8/15/15/15/15/15 AAEGUW?/HNORSTX 24/20 0
19,3,1,J8 NOX,J8 NOX,0.531196,0.531196,15/15/15/15/7W7/7E7/6JA7/4AWOKE6/6L8/6T8/15/15/15/15/15 HNORSTX/AAEGUV? 20/44 0
19,4,0,E4 GUAV(A),K10 UVA,0.564283,0.540832,15/15/15/15/7W7/7E7/6JA7/4AWOKEN5/6L2O5/6T2X5/15/15/15/15/15 AAEGUV?/AHRSTTT 44/59 0
19,5,1,I6 TR(E)T,I6 TR(E)T,0.587924,0.587924,15/15/15/4G10/4U2W7/4A2E7/4V1JA7/4AWOKEN5/6L2O5/6T2X5/15/15/15/15/15 AHRSTTT/AEPPS?? 59/62 0
19,6,0,11A hAPPEnS,11D PAPS,0.698228,0.677719,15/15/15/4G10/4U2W7/4A2ET6/4V1JAR6/4AWOKEN5/6L1TO5/6T2X5/15/15/15/15/15 AEPPS??/AEHLSTY 62/81 0
19,7,1,A6 HEALT(h)Y,B10 H(A)YLE,0.385725,0.373999,15/15/15/4G10/4U2W7/4A2ET6/4V1JAR6/4AWOKEN5/6L1TO5/6T2X5/hAPPEnS8/15/15/15/15 AEHLSTY/ABCGLLN 81/142 0
19,8,0,B4 CLANG,B4 CLANG,0.581010,0.581010,15/15/15/4G10/4U2W7/H3A2ET6/E3V1JAR6/A3AWOKEN5/L5L1TO5/T5T2X5/hAPPEnS8/Y14/15/15/15 ABCGLLN/AEMRSYZ 142/129 0
19,9,1,F5 MY,F5 MY,0.545907,0.545907,15/15/15/1C2G10/1L2U2W7/HA2A2ET6/EN2V1JAR6/AG2AWOKEN5/L5L1TO5/T5T2X5/hAPPEnS8/Y14/15/15/15 AEMRSYZ/BILOQRS 129/164 0
19,10,0,9C QIS,9C QIS,0.585831,0.585831,15/15/15/1C2G10/1L2UM1W7/HA2AY1ET6/EN2V1JAR6/AG2AWOKEN5/L5L1TO5/T5T2X5/hAPPEnS8/Y14/15/15/15 BILOQRS/ADERSTZ 164/161 0
19,11,1,D1 ZEDA,D1 ZEDA,0.574838,0.574838,15/15/15/1C2G10/1L2UM1W7/HA2AY1ET6/EN2V1JAR6/AG2AWOKEN5/L1QIS1L1TO5/T5T2X5/hAPPEnS8/Y14/15/15/15 ADERSTZ/BEGLORR 161/196 0
19,12,0,1A GLO(Z)E,1A GLO(Z)E,0.526150,0.526150,3Z11/3E11/3D11/1C1AG10/1L2UM1W7/HA2AY1ET6/EN2V1JAR6/AG2AWOKEN5/L1QIS1L1TO5/T5T2X5/hAPPEnS8/Y14/15/15/15 BEGLORR/EIIIRST 196/215 0
